https://staging.zonia.com/crmb1e/cancer-unraveled,"By clicking ""Register for Free Now"" you agree to receive marketing emails from Zonia about products, events, and promotions. You may unsubscribe at any time. By proceeding with the registration, you agree to our Privacy Policy."
https://staging.zonia.com/crmb1e/cr-immunity,"By clicking ""Get Your Free Gift"" you agree to receive marketing emails from Zonia about products, events, and promotions. You may unsubscribe at any time. By proceeding with the registration, you agree to our Privacy Policy."
https://staging.zonia.com/crmb1e/cr-toxins,"By clicking ""Get Your Free Gift"" you agree to receive marketing emails from Zonia about products, events, and promotions. You may unsubscribe at any time. By proceeding with the registration, you agree to our Privacy Policy."
https://staging.zonia.com/crmb1e/cr-female-cancers,"By clicking ""Get Your Free Gift"" you agree to receive marketing emails from Zonia about products, events, and promotions. You may unsubscribe at any time. By proceeding with the registration, you agree to our Privacy Policy."
https://staging.zonia.com/crmb1e/cr-emotions,"By clicking ""Get Your Free Gift"" you agree to receive marketing emails from Zonia about products, events, and promotions. You may unsubscribe at any time. By proceeding with the registration, you agree to our Privacy Policy."
https://staging.zonia.com/crmb1e/cr-inflammation,"By clicking ""Get Your Free Gift"" you agree to receive marketing emails from Zonia about products, events, and promotions. You may unsubscribe at any time. By proceeding with the registration, you agree to our Privacy Policy."
https://staging.zonia.com/crmb1e/cr-chronic-stress,"By clicking ""Get Your Free Gift"" you agree to receive marketing emails from Zonia about products, events, and promotions. You may unsubscribe at any time. By proceeding with the registration, you agree to our Privacy Policy."
https://staging.zonia.com/crmb1e/cr-obesity,"By clicking ""Get Your Free Gift"" you agree to receive marketing emails from Zonia about products, events, and promotions. You may unsubscribe at any time. By proceeding with the registration, you agree to our Privacy Policy."
https://staging.zonia.com/crmb5e/cancer-unraveled,"By clicking ""Get Your Free Gift"" you agree to receive marketing emails from Zonia about products, events, and promotions. You may unsubscribe at any time. By proceeding with the registration, you agree to our Privacy Policy."
https://staging.zonia.com/crmb5e/cr-immunity,"By clicking ""Get Your Free Gift"" you agree to receive marketing emails from Zonia about products, events, and promotions. You may unsubscribe at any time. By proceeding with the registration, you agree to our Privacy Policy."
https://staging.zonia.com/crmb5e/cr-toxins,"By clicking ""Get Your Free Gift"" you agree to receive marketing emails from Zonia about products, events, and promotions. You may unsubscribe at any time. By proceeding with the registration, you agree to our Privacy Policy."
https://staging.zonia.com/crmb5e/cr-female-cancers,"By clicking ""Get Your Free Gift"" you agree to receive marketing emails from Zonia about products, events, and promotions. You may unsubscribe at any time. By proceeding with the registration, you agree to our Privacy Policy."
https://staging.zonia.com/crmb5e/cr-emotions,"By clicking ""Get Your Free Gift"" you agree to receive marketing emails from Zonia about products, events, and promotions. You may unsubscribe at any time. By proceeding with the registration, you agree to our Privacy Policy."
https://staging.zonia.com/crmb5e/cr-inflammation,"By clicking ""Get Your Free Gift"" you agree to receive marketing emails from Zonia about products, events, and promotions. You may unsubscribe at any time. By proceeding with the registration, you agree to our Privacy Policy."
https://staging.zonia.com/crmb5e/cr-chronic-stress,"By clicking ""Get Your Free Gift"" you agree to receive marketing emails from Zonia about products, events, and promotions. You may unsubscribe at any time. By proceeding with the registration, you agree to our Privacy Policy."
https://staging.zonia.com/crmb5e/cr-obesity,"By clicking ""Get Your Free Gift"" you agree to receive marketing emails from Zonia about products, events, and promotions. You may unsubscribe at any time. By proceeding with the registration, you agree to our Privacy Policy."
https://staging.zonia.com/cancer-unraveled,"By clicking ""Register for Free Now"" you agree to receive marketing emails from Zonia about products, events, and promotions. You may unsubscribe at any time. By proceeding with the registration, you agree to our Privacy Policy."
https://staging.zonia.com/docuseries-7,"By clicking ""Get Your Free Gift"" you agree to receive marketing emails from Zonia about products, events, and promotions. You may unsubscribe at any time. By proceeding with the registration, you agree to our Privacy Policy."
https://staging.zonia.com/cr-immunity,"By clicking ""Get Your Free Gift"" you agree to receive marketing emails from Zonia about products, events, and promotions. You may unsubscribe at any time. By proceeding with the registration, you agree to our Privacy Policy."
https://staging.zonia.com/cr-toxins,"By clicking ""Get Your Free Gift"" you agree to receive marketing emails from Zonia about products, events, and promotions. You may unsubscribe at any time. By proceeding with the registration, you agree to our Privacy Policy."
https://staging.zonia.com/cr-female-cancers,"By clicking ""Get Your Free Gift"" you agree to receive marketing emails from Zonia about products, events, and promotions. You may unsubscribe at any time. By proceeding with the registration, you agree to our Privacy Policy."
https://staging.zonia.com/cr-emotions,"By clicking ""Get Your Free Gift"" you agree to receive marketing emails from Zonia about products, events, and promotions. You may unsubscribe at any time. By proceeding with the registration, you agree to our Privacy Policy."
https://staging.zonia.com/cr-inflammation,"By clicking ""Get Your Free Gift"" you agree to receive marketing emails from Zonia about products, events, and promotions. You may unsubscribe at any time. By proceeding with the registration, you agree to our Privacy Policy."
https://staging.zonia.com/cr-chronic-stress,"By clicking ""Get Your Free Gift"" you agree to receive marketing emails from Zonia about products, events, and promotions. You may unsubscribe at any time. By proceeding with the registration, you agree to our Privacy Policy."
https://staging.zonia.com/cr-obesity,"By clicking ""Get Your Free Gift"" you agree to receive marketing emails from Zonia about products, events, and promotions. You may unsubscribe at any time. By proceeding with the registration, you agree to our Privacy Policy."
https://staging.zonia.com/thriving-without-limits,"By clicking ""Watch for Free Now"" you agree to receive marketing emails from Zonia about products, events, and promotions. You may unsubscribe at any time. By proceeding with the registration, you agree to our Privacy Policy."
https://staging.zonia.com/kmmb5e/young-and-thriving,"By clicking ""Register for Free Now"" you agree to receive marketing emails from Zonia about products, events, and promotions. You may unsubscribe at any time. By proceeding with the registration, you agree to our Privacy Policy."
https://staging.zonia.com/kmmb5e/km-toxins,"By clicking ""Get Your Free Gift"" you agree to receive marketing emails from Zonia about products, events, and promotions. You may unsubscribe at any time. By proceeding with the registration, you agree to our Privacy Policy."
https://staging.zonia.com/kmmb5e/km-sleep,"By clicking ""Get Your Free Gift"" you agree to receive marketing emails from Zonia about products, events, and promotions. You may unsubscribe at any time. By proceeding with the registration, you agree to our Privacy Policy."
https://staging.zonia.com/kmmb5e/km-inflammation,"By clicking ""Get Your Free Gift"" you agree to receive marketing emails from Zonia about products, events, and promotions. You may unsubscribe at any time. By proceeding with the registration, you agree to our Privacy Policy."
https://staging.zonia.com/kmmb5e/km-focus,"By clicking ""Get Your Free Gift"" you agree to receive marketing emails from Zonia about products, events, and promotions. You may unsubscribe at any time. By proceeding with the registration, you agree to our Privacy Policy."
https://staging.zonia.com/kmmb5e/km-mystery,"By clicking ""Get Your Free Gift"" you agree to receive marketing emails from Zonia about products, events, and promotions. You may unsubscribe at any time. By proceeding with the registration, you agree to our Privacy Policy."
https://staging.zonia.com/kmmb5e/km-mood,"By clicking ""Get Your Free Gift"" you agree to receive marketing emails from Zonia about products, events, and promotions. You may unsubscribe at any time. By proceeding with the registration, you agree to our Privacy Policy."
https://staging.zonia.com/kmmb5e/km-neurodevelopment,"By clicking ""Get Your Free Gift"" you agree to receive marketing emails from Zonia about products, events, and promotions. You may unsubscribe at any time. By proceeding with the registration, you agree to our Privacy Policy."
https://staging.zonia.com/young-and-thriving,"By clicking ""Register for Free Now"" you agree to receive marketing emails from Zonia about products, events, and promotions. You may unsubscribe at any time. By proceeding with the registration, you agree to our Privacy Policy."
https://staging.zonia.com/docuseries-6,"By clicking ""Get Your Free Gift"" you agree to receive marketing emails from Zonia about products, events, and promotions. You may unsubscribe at any time. By proceeding with the registration, you agree to our Privacy Policy."
https://staging.zonia.com/km-toxins,"By clicking ""Get Your Free Gift"" you agree to receive marketing emails from Zonia about products, events, and promotions. You may unsubscribe at any time. By proceeding with the registration, you agree to our Privacy Policy."
https://staging.zonia.com/km-sleep,"By clicking ""Get Your Free Gift"" you agree to receive marketing emails from Zonia about products, events, and promotions. You may unsubscribe at any time. By proceeding with the registration, you agree to our Privacy Policy."
https://staging.zonia.com/km-inflammation,"By clicking ""Get Your Free Gift"" you agree to receive marketing emails from Zonia about products, events, and promotions. You may unsubscribe at any time. By proceeding with the registration, you agree to our Privacy Policy."
https://staging.zonia.com/km-focus,"By clicking ""Get Your Free Gift"" you agree to receive marketing emails from Zonia about products, events, and promotions. You may unsubscribe at any time. By proceeding with the registration, you agree to our Privacy Policy."
https://staging.zonia.com/km-mystery,"By clicking ""Get Your Free Gift"" you agree to receive marketing emails from Zonia about products, events, and promotions. You may unsubscribe at any time. By proceeding with the registration, you agree to our Privacy Policy."
https://staging.zonia.com/km-mood,"By clicking ""Get Your Free Gift"" you agree to receive marketing emails from Zonia about products, events, and promotions. You may unsubscribe at any time. By proceeding with the registration, you agree to our Privacy Policy."
https://staging.zonia.com/km-neurodevelopment,"By clicking ""Get Your Free Gift"" you agree to receive marketing emails from Zonia about products, events, and promotions. You may unsubscribe at any time. By proceeding with the registration, you agree to our Privacy Policy."
https://staging.zonia.com/admb5e/unbroken,"By clicking ""Register for Free Now"" you agree to receive marketing emails from Zonia about products, events, and promotions. You may unsubscribe at any time. By proceeding with the registration, you agree to our Privacy Policy."
https://staging.zonia.com/admb5e/ad-detox,"By clicking ""Get Your Free Gift"" you agree to receive marketing emails from Zonia about products, events, and promotions. You may unsubscribe at any time. By proceeding with the registration, you agree to our Privacy Policy."
https://staging.zonia.com/admb5e/ad-gut-health,"By clicking ""Get Your Free Gift"" you agree to receive marketing emails from Zonia about products, events, and promotions. You may unsubscribe at any time. By proceeding with the registration, you agree to our Privacy Policy."
https://staging.zonia.com/admb5e/ad-brain-health,"By clicking ""Get Your Free Gift"" you agree to receive marketing emails from Zonia about products, events, and promotions. You may unsubscribe at any time. By proceeding with the registration, you agree to our Privacy Policy."
https://staging.zonia.com/admb5e/ad-mindset,"By clicking ""Get Your Free Gift"" you agree to receive marketing emails from Zonia about products, events, and promotions. You may unsubscribe at any time. By proceeding with the registration, you agree to our Privacy Policy."
https://staging.zonia.com/admb5e/ad-inflammation,"By clicking ""Get Your Free Gift"" you agree to receive marketing emails from Zonia about products, events, and promotions. You may unsubscribe at any time. By proceeding with the registration, you agree to our Privacy Policy."
https://staging.zonia.com/admb5e/ad-energy,"By clicking ""Get Your Free Gift"" you agree to receive marketing emails from Zonia about products, events, and promotions. You may unsubscribe at any time. By proceeding with the registration, you agree to our Privacy Policy."
https://staging.zonia.com/admb5e/ad-pain-relief,"By clicking ""Get Your Free Gift"" you agree to receive marketing emails from Zonia about products, events, and promotions. You may unsubscribe at any time. By proceeding with the registration, you agree to our Privacy Policy."
https://staging.zonia.com/unbroken,"By clicking ""Register for Free Now"" you agree to receive marketing emails from Zonia about products, events, and promotions. You may unsubscribe at any time. By proceeding with the registration, you agree to our Privacy Policy."
https://staging.zonia.com/docuseries-5,"By clicking ""Get Your Free Gift"" you agree to receive marketing emails from Zonia about products, events, and promotions. You may unsubscribe at any time. By proceeding with the registration, you agree to our Privacy Policy."
https://staging.zonia.com/ad-detox,"By clicking ""Get Your Free Gift"" you agree to receive marketing emails from Zonia about products, events, and promotions. You may unsubscribe at any time. By proceeding with the registration, you agree to our Privacy Policy."
https://staging.zonia.com/ad-gut-health,"By clicking ""Get Your Free Gift"" you agree to receive marketing emails from Zonia about products, events, and promotions. You may unsubscribe at any time. By proceeding with the registration, you agree to our Privacy Policy."
https://staging.zonia.com/ad-brain-health,"By clicking ""Get Your Free Gift"" you agree to receive marketing emails from Zonia about products, events, and promotions. You may unsubscribe at any time. By proceeding with the registration, you agree to our Privacy Policy."
https://staging.zonia.com/ad-mindset,"By clicking ""Get Your Free Gift"" you agree to receive marketing emails from Zonia about products, events, and promotions. You may unsubscribe at any time. By proceeding with the registration, you agree to our Privacy Policy."
https://staging.zonia.com/ad-inflammation,"By clicking ""Get Your Free Gift"" you agree to receive marketing emails from Zonia about products, events, and promotions. You may unsubscribe at any time. By proceeding with the registration, you agree to our Privacy Policy."
https://staging.zonia.com/ad-energy,"By clicking ""Get Your Free Gift"" you agree to receive marketing emails from Zonia about products, events, and promotions. You may unsubscribe at any time. By proceeding with the registration, you agree to our Privacy Policy."
https://staging.zonia.com/ad-pain-relief,"By clicking ""Get Your Free Gift"" you agree to receive marketing emails from Zonia about products, events, and promotions. You may unsubscribe at any time. By proceeding with the registration, you agree to our Privacy Policy."
https://staging.zonia.com/ad-dr-fuhrman,"By clicking ""Get Your Free Gift"" you agree to receive marketing emails from Zonia about products, events, and promotions. You may unsubscribe at any time. By proceeding with the registration, you agree to our Privacy Policy."
https://staging.zonia.com/bbmb5e/beyond-the-brain,"By clicking ""Register for Free Now"" you agree to receive marketing emails from Zonia about products, events, and promotions. You may unsubscribe at any time. By proceeding with the registration, you agree to our Privacy Policy."
https://staging.zonia.com/bbmb5e/bb-detox,"By clicking ""Get Your Free Gift"" you agree to receive marketing emails from Zonia about products, events, and promotions. You may unsubscribe at any time. By proceeding with the registration, you agree to our Privacy Policy."
https://staging.zonia.com/bbmb5e/bb-gut-health,"By clicking ""Get Your Free Gift"" you agree to receive marketing emails from Zonia about products, events, and promotions. You may unsubscribe at any time. By proceeding with the registration, you agree to our Privacy Policy."
https://staging.zonia.com/bbmb5e/bb-memory,"By clicking ""Get Your Free Gift"" you agree to receive marketing emails from Zonia about products, events, and promotions. You may unsubscribe at any time. By proceeding with the registration, you agree to our Privacy Policy."
https://staging.zonia.com/bbmb5e/bb-mood,"By clicking ""Get Your Free Gift"" you agree to receive marketing emails from Zonia about products, events, and promotions. You may unsubscribe at any time. By proceeding with the registration, you agree to our Privacy Policy."
https://staging.zonia.com/bbmb5e/bb-sleep,"By clicking ""Get Your Free Gift"" you agree to receive marketing emails from Zonia about products, events, and promotions. You may unsubscribe at any time. By proceeding with the registration, you agree to our Privacy Policy."
https://staging.zonia.com/bbmb5e/bb-energy,"By clicking ""Get Your Free Gift"" you agree to receive marketing emails from Zonia about products, events, and promotions. You may unsubscribe at any time. By proceeding with the registration, you agree to our Privacy Policy."
https://staging.zonia.com/bbmb5e/bb-immunity,"By clicking ""Get Your Free Gift"" you agree to receive marketing emails from Zonia about products, events, and promotions. You may unsubscribe at any time. By proceeding with the registration, you agree to our Privacy Policy."
https://staging.zonia.com/beyond-the-brain,"By clicking ""Register for Free Now"" you agree to receive marketing emails from Zonia about products, events, and promotions. You may unsubscribe at any time. By proceeding with the registration, you agree to our Privacy Policy."
https://staging.zonia.com/docuseries-4,"By clicking ""Get Your Free Gift"" you agree to receive marketing emails from Zonia about products, events, and promotions. You may unsubscribe at any time. By proceeding with the registration, you agree to our Privacy Policy."
https://staging.zonia.com/bb-detox,"By clicking ""Get Your Free Gift"" you agree to receive marketing emails from Zonia about products, events, and promotions. You may unsubscribe at any time. By proceeding with the registration, you agree to our Privacy Policy."
https://staging.zonia.com/bb-gut-health,"By clicking ""Get Your Free Gift"" you agree to receive marketing emails from Zonia about products, events, and promotions. You may unsubscribe at any time. By proceeding with the registration, you agree to our Privacy Policy."
https://staging.zonia.com/bb-memory,"By clicking ""Get Your Free Gift"" you agree to receive marketing emails from Zonia about products, events, and promotions. You may unsubscribe at any time. By proceeding with the registration, you agree to our Privacy Policy."
https://staging.zonia.com/bb-mood,"By clicking ""Get Your Free Gift"" you agree to receive marketing emails from Zonia about products, events, and promotions. You may unsubscribe at any time. By proceeding with the registration, you agree to our Privacy Policy."
https://staging.zonia.com/bb-sleep,"By clicking ""Get Your Free Gift"" you agree to receive marketing emails from Zonia about products, events, and promotions. You may unsubscribe at any time. By proceeding with the registration, you agree to our Privacy Policy."
https://staging.zonia.com/bb-energy,"By clicking ""Get Your Free Gift"" you agree to receive marketing emails from Zonia about products, events, and promotions. You may unsubscribe at any time. By proceeding with the registration, you agree to our Privacy Policy."
https://staging.zonia.com/bb-immunity,"By clicking ""Get Your Free Gift"" you agree to receive marketing emails from Zonia about products, events, and promotions. You may unsubscribe at any time. By proceeding with the registration, you agree to our Privacy Policy."
https://staging.zonia.com/lgmb5e/ageless,"By clicking ""Get Your Free Gift"" you agree to receive marketing emails from Zonia about products, events, and promotions. You may unsubscribe at any time. By proceeding with the registration, you agree to our Privacy Policy."
https://staging.zonia.com/lgmb5e/lg-metabolism,"By clicking ""Get Your Free Gift"" you agree to receive marketing emails from Zonia about products, events, and promotions. You may unsubscribe at any time. By proceeding with the registration, you agree to our Privacy Policy."
https://staging.zonia.com/lgmb5e/lg-skin-health,"By clicking ""Get Your Free Gift"" you agree to receive marketing emails from Zonia about products, events, and promotions. You may unsubscribe at any time. By proceeding with the registration, you agree to our Privacy Policy."
https://staging.zonia.com/lgmb5e/lg-exercise,"By clicking ""Get Your Free Gift"" you agree to receive marketing emails from Zonia about products, events, and promotions. You may unsubscribe at any time. By proceeding with the registration, you agree to our Privacy Policy."
https://staging.zonia.com/lgmb5e/lg-brain-health,"By clicking ""Get Your Free Gift"" you agree to receive marketing emails from Zonia about products, events, and promotions. You may unsubscribe at any time. By proceeding with the registration, you agree to our Privacy Policy."
https://staging.zonia.com/lgmb5e/lg-hormones,"By clicking ""Get Your Free Gift"" you agree to receive marketing emails from Zonia about products, events, and promotions. You may unsubscribe at any time. By proceeding with the registration, you agree to our Privacy Policy."
https://staging.zonia.com/lgmb5e/lg-energy,"By clicking ""Get Your Free Gift"" you agree to receive marketing emails from Zonia about products, events, and promotions. You may unsubscribe at any time. By proceeding with the registration, you agree to our Privacy Policy."
https://staging.zonia.com/lgmb5e/lg-inflammation,"By clicking ""Get Your Free Gift"" you agree to receive marketing emails from Zonia about products, events, and promotions. You may unsubscribe at any time. By proceeding with the registration, you agree to our Privacy Policy."
https://staging.zonia.com/lgmb5e/lg-bones-muscles,"By clicking ""Get Your Free Gift"" you agree to receive marketing emails from Zonia about products, events, and promotions. You may unsubscribe at any time. By proceeding with the registration, you agree to our Privacy Policy."
https://staging.zonia.com/ageless,"By clicking ""Register for Free Now"" you agree to receive marketing emails from Zonia about products, events, and promotions. You may unsubscribe at any time. By proceeding with the registration, you agree to our Privacy Policy."
https://staging.zonia.com/docuseries-3,"By clicking ""Get Your Free Gift"" you agree to receive marketing emails from Zonia about products, events, and promotions. You may unsubscribe at any time. By proceeding with the registration, you agree to our Privacy Policy."
https://staging.zonia.com/docuseries-3b,"By clicking ""Get Your Free Gift"" you agree to receive marketing emails from Zonia about products, events, and promotions. You may unsubscribe at any time. By proceeding with the registration, you agree to our Privacy Policy."
https://staging.zonia.com/lg-metabolism,"By clicking ""Get Your Free Gift"" you agree to receive marketing emails from Zonia about products, events, and promotions. You may unsubscribe at any time. By proceeding with the registration, you agree to our Privacy Policy."
https://staging.zonia.com/lg-skin-health,"By clicking ""Get Your Free Gift"" you agree to receive marketing emails from Zonia about products, events, and promotions. You may unsubscribe at any time. By proceeding with the registration, you agree to our Privacy Policy."
https://staging.zonia.com/lg-exercise,"By clicking ""Get Your Free Gift"" you agree to receive marketing emails from Zonia about products, events, and promotions. You may unsubscribe at any time. By proceeding with the registration, you agree to our Privacy Policy."
https://staging.zonia.com/lg-brain-health,"By clicking ""Get Your Free Gift"" you agree to receive marketing emails from Zonia about products, events, and promotions. You may unsubscribe at any time. By proceeding with the registration, you agree to our Privacy Policy."
https://staging.zonia.com/lg-hormones,"By clicking ""Get Your Free Gift"" you agree to receive marketing emails from Zonia about products, events, and promotions. You may unsubscribe at any time. By proceeding with the registration, you agree to our Privacy Policy."
https://staging.zonia.com/lg-energy,"By clicking ""Get Your Free Gift"" you agree to receive marketing emails from Zonia about products, events, and promotions. You may unsubscribe at any time. By proceeding with the registration, you agree to our Privacy Policy."
https://staging.zonia.com/lg-inflammation,"By clicking ""Get Your Free Gift"" you agree to receive marketing emails from Zonia about products, events, and promotions. You may unsubscribe at any time. By proceeding with the registration, you agree to our Privacy Policy."
https://staging.zonia.com/lg-bones-muscles,"By clicking ""Get Your Free Gift"" you agree to receive marketing emails from Zonia about products, events, and promotions. You may unsubscribe at any time. By proceeding with the registration, you agree to our Privacy Policy."
https://staging.zonia.com/lg-dr-fuhrman,"By clicking ""Get Your Free Gift"" you agree to receive marketing emails from Zonia about products, events, and promotions. You may unsubscribe at any time. By proceeding with the registration, you agree to our Privacy Policy."
https://staging.zonia.com/mb2/toxin-free,"By clicking ""Register for Free Now"" you agree to receive marketing emails from Zonia about products, events, and promotions. You may unsubscribe at any time. By proceeding with the registration, you agree to our Privacy Policy."
https://staging.zonia.com/mb2/tf-12-detox-meals,"By clicking ""Get Your Free Gift"" you agree to receive marketing emails from Zonia about products, events, and promotions. You may unsubscribe at any time. By proceeding with the registration, you agree to our Privacy Policy."
https://staging.zonia.com/mb2/tf-18-herbs-detoxification,"By clicking ""Get Your Free Gift"" you agree to receive marketing emails from Zonia about products, events, and promotions. You may unsubscribe at any time. By proceeding with the registration, you agree to our Privacy Policy."
https://staging.zonia.com/mb2/tf-autoimmunity,"By clicking ""Get Your Free Gift"" you agree to receive marketing emails from Zonia about products, events, and promotions. You may unsubscribe at any time. By proceeding with the registration, you agree to our Privacy Policy."
https://staging.zonia.com/mb2/tf-cancer,"By clicking ""Get Your Free Gift"" you agree to receive marketing emails from Zonia about products, events, and promotions. You may unsubscribe at any time. By proceeding with the registration, you agree to our Privacy Policy."
https://staging.zonia.com/mb2/tf-liver,"By clicking ""Get Your Free Gift"" you agree to receive marketing emails from Zonia about products, events, and promotions. You may unsubscribe at any time. By proceeding with the registration, you agree to our Privacy Policy."
https://staging.zonia.com/mb2/tf-hormones,"By clicking ""Get Your Free Gift"" you agree to receive marketing emails from Zonia about products, events, and promotions. You may unsubscribe at any time. By proceeding with the registration, you agree to our Privacy Policy."
https://staging.zonia.com/mb2/tf-allergies,"By clicking ""Get Your Free Gift"" you agree to receive marketing emails from Zonia about products, events, and promotions. You may unsubscribe at any time. By proceeding with the registration, you agree to our Privacy Policy."
https://staging.zonia.com/toxin-free,"By clicking ""Register for Free Now"" you agree to receive marketing emails from Zonia about products, events, and promotions. You may unsubscribe at any time. By proceeding with the registration, you agree to our Privacy Policy."
https://staging.zonia.com/docuseries-2,"By clicking ""Get Your Free Gift"" you agree to receive marketing emails from Zonia about products, events, and promotions. You may unsubscribe at any time. By proceeding with the registration, you agree to our Privacy Policy."
https://staging.zonia.com/docuseries-2b,"By clicking ""Get Your Free Gift"" you agree to receive marketing emails from Zonia about products, events, and promotions. You may unsubscribe at any time. By proceeding with the registration, you agree to our Privacy Policy."
https://staging.zonia.com/tf-12-detox-meals,"By clicking ""Get Your Free Gift"" you agree to receive marketing emails from Zonia about products, events, and promotions. You may unsubscribe at any time. By proceeding with the registration, you agree to our Privacy Policy."
https://staging.zonia.com/tf-18-herbs-detoxification,"By clicking ""Get Your Free Gift"" you agree to receive marketing emails from Zonia about products, events, and promotions. You may unsubscribe at any time. By proceeding with the registration, you agree to our Privacy Policy."
https://staging.zonia.com/tf-autoimmunity,"By clicking ""Get Your Free Gift"" you agree to receive marketing emails from Zonia about products, events, and promotions. You may unsubscribe at any time. By proceeding with the registration, you agree to our Privacy Policy."
https://staging.zonia.com/tf-cancer,"By clicking ""Get Your Free Gift"" you agree to receive marketing emails from Zonia about products, events, and promotions. You may unsubscribe at any time. By proceeding with the registration, you agree to our Privacy Policy."
https://staging.zonia.com/tf-liver,"By clicking ""Get Your Free Gift"" you agree to receive marketing emails from Zonia about products, events, and promotions. You may unsubscribe at any time. By proceeding with the registration, you agree to our Privacy Policy."
https://staging.zonia.com/tf-hormones,"By clicking ""Get Your Free Gift"" you agree to receive marketing emails from Zonia about products, events, and promotions. You may unsubscribe at any time. By proceeding with the registration, you agree to our Privacy Policy."
https://staging.zonia.com/tf-allergies,"By clicking ""Get Your Free Gift"" you agree to receive marketing emails from Zonia about products, events, and promotions. You may unsubscribe at any time. By proceeding with the registration, you agree to our Privacy Policy."
https://staging.zonia.com/tf-dr-fuhrman,"By clicking ""Get Your Free Gift"" you agree to receive marketing emails from Zonia about products, events, and promotions. You may unsubscribe at any time. By proceeding with the registration, you agree to our Privacy Policy."
https://staging.zonia.com/mb5e/immune-for-life,"By clicking ""Register for Free Now"" you agree to receive marketing emails from Zonia about products, events, and promotions. You may unsubscribe at any time. By proceeding with the registration, you agree to our Privacy Policy."
https://staging.zonia.com/mb5e/is-brain-health,"By clicking ""Get Your Free Gift"" you agree to receive marketing emails from Zonia about products, events, and promotions. You may unsubscribe at any time. By proceeding with the registration, you agree to our Privacy Policy."
https://staging.zonia.com/mb5e/is-cancer,"By clicking ""Get Your Free Gift"" you agree to receive marketing emails from Zonia about products, events, and promotions. You may unsubscribe at any time. By proceeding with the registration, you agree to our Privacy Policy."
https://staging.zonia.com/mb5e/is-autoimmunity,"By clicking ""Get Your Free Gift"" you agree to receive marketing emails from Zonia about products, events, and promotions. You may unsubscribe at any time. By proceeding with the registration, you agree to our Privacy Policy."
https://staging.zonia.com/mb5e/is-gut-health,"By clicking ""Get Your Free Gift"" you agree to receive marketing emails from Zonia about products, events, and promotions. You may unsubscribe at any time. By proceeding with the registration, you agree to our Privacy Policy."
https://staging.zonia.com/mb5e/is-heart-health,"By clicking ""Get Your Free Gift"" you agree to receive marketing emails from Zonia about products, events, and promotions. You may unsubscribe at any time. By proceeding with the registration, you agree to our Privacy Policy."
https://staging.zonia.com/mb5e/is-obesity,"By clicking ""Get Your Free Gift"" you agree to receive marketing emails from Zonia about products, events, and promotions. You may unsubscribe at any time. By proceeding with the registration, you agree to our Privacy Policy."
https://staging.zonia.com/mb5e/is-trauma,"By clicking ""Get Your Free Gift"" you agree to receive marketing emails from Zonia about products, events, and promotions. You may unsubscribe at any time. By proceeding with the registration, you agree to our Privacy Policy."
https://staging.zonia.com/mb/immune-for-life,"By clicking ""Register for Free Now"" you agree to receive marketing emails from Zonia about products, events, and promotions. You may unsubscribe at any time. By proceeding with the registration, you agree to our Privacy Policy."
https://staging.zonia.com/mb/is-brain-health,"By clicking ""Get Your Free Gift"" you agree to receive marketing emails from Zonia about products, events, and promotions. You may unsubscribe at any time. By proceeding with the registration, you agree to our Privacy Policy."
https://staging.zonia.com/mb/is-cancer,"By clicking ""Get Your Free Gift"" you agree to receive marketing emails from Zonia about products, events, and promotions. You may unsubscribe at any time. By proceeding with the registration, you agree to our Privacy Policy."
https://staging.zonia.com/mb/is-autoimmunity,"By clicking ""Get Your Free Gift"" you agree to receive marketing emails from Zonia about products, events, and promotions. You may unsubscribe at any time. By proceeding with the registration, you agree to our Privacy Policy."
https://staging.zonia.com/mb/is-gut-health,"By clicking ""Get Your Free Gift"" you agree to receive marketing emails from Zonia about products, events, and promotions. You may unsubscribe at any time. By proceeding with the registration, you agree to our Privacy Policy."
https://staging.zonia.com/mb/is-heart-health,"By clicking ""Get Your Free Gift"" you agree to receive marketing emails from Zonia about products, events, and promotions. You may unsubscribe at any time. By proceeding with the registration, you agree to our Privacy Policy."
https://staging.zonia.com/mb/is-obesity,"By clicking ""Get Your Free Gift"" you agree to receive marketing emails from Zonia about products, events, and promotions. You may unsubscribe at any time. By proceeding with the registration, you agree to our Privacy Policy."
https://staging.zonia.com/mb/is-trauma,"By clicking ""Get Your Free Gift"" you agree to receive marketing emails from Zonia about products, events, and promotions. You may unsubscribe at any time. By proceeding with the registration, you agree to our Privacy Policy."
https://staging.zonia.com/immune-for-life,"By clicking ""Register for Free Now"" you agree to receive marketing emails from Zonia about products, events, and promotions. You may unsubscribe at any time. By proceeding with the registration, you agree to our Privacy Policy."
https://staging.zonia.com/immune-for-life-mb,"By clicking ""Register for Free Now"" you agree to receive marketing emails from Zonia about products, events, and promotions. You may unsubscribe at any time. By proceeding with the registration, you agree to our Privacy Policy."
https://staging.zonia.com/docuseries,"By clicking ""Get Your Free Gift"" you agree to receive marketing emails from Zonia about products, events, and promotions. You may unsubscribe at any time. By proceeding with the registration, you agree to our Privacy Policy."
https://staging.zonia.com/is-brain-health,"By clicking ""Get Your Free Gift"" you agree to receive marketing emails from Zonia about products, events, and promotions. You may unsubscribe at any time. By proceeding with the registration, you agree to our Privacy Policy."
https://staging.zonia.com/is-cancer,"By clicking ""Get Your Free Gift"" you agree to receive marketing emails from Zonia about products, events, and promotions. You may unsubscribe at any time. By proceeding with the registration, you agree to our Privacy Policy."
https://staging.zonia.com/is-autoimmunity,"By clicking ""Get Your Free Gift"" you agree to receive marketing emails from Zonia about products, events, and promotions. You may unsubscribe at any time. By proceeding with the registration, you agree to our Privacy Policy."
https://staging.zonia.com/is-gut-health,"By clicking ""Get Your Free Gift"" you agree to receive marketing emails from Zonia about products, events, and promotions. You may unsubscribe at any time. By proceeding with the registration, you agree to our Privacy Policy."
https://staging.zonia.com/is-heart-health,"By clicking ""Get Your Free Gift"" you agree to receive marketing emails from Zonia about products, events, and promotions. You may unsubscribe at any time. By proceeding with the registration, you agree to our Privacy Policy."
https://staging.zonia.com/is-obesity,"By clicking ""Get Your Free Gift"" you agree to receive marketing emails from Zonia about products, events, and promotions. You may unsubscribe at any time. By proceeding with the registration, you agree to our Privacy Policy."
https://staging.zonia.com/is-trauma,"By clicking ""Get Your Free Gift"" you agree to receive marketing emails from Zonia about products, events, and promotions. You may unsubscribe at any time. By proceeding with the registration, you agree to our Privacy Policy."
https://staging.zonia.com/is-nathan-crane,"By clicking ""Get Your Free Gift"" you agree to receive marketing emails from Zonia about products, events, and promotions. You may unsubscribe at any time. By proceeding with the registration, you agree to our Privacy Policy."
https://staging.zonia.com/is-dr-villanueva,"By clicking ""Get Your Free Gift"" you agree to receive marketing emails from Zonia about products, events, and promotions. You may unsubscribe at any time. By proceeding with the registration, you agree to our Privacy Policy."
https://staging.zonia.com/is-dr-perlmutter,"By clicking ""Get Your Free Gift"" you agree to receive marketing emails from Zonia about products, events, and promotions. You may unsubscribe at any time. By proceeding with the registration, you agree to our Privacy Policy."
https://staging.zonia.com/is-dr-fuhrman,"By clicking ""Get Your Free Gift"" you agree to receive marketing emails from Zonia about products, events, and promotions. You may unsubscribe at any time. By proceeding with the registration, you agree to our Privacy Policy."
https://staging.zonia.com/masterclass,"By clicking ""Get Your Free Gift"" you agree to receive marketing emails from Zonia about products, events, and promotions. You may unsubscribe at any time. By proceeding with the registration, you agree to our Privacy Policy."
https://staging.zonia.com/masterclass-jv,"By clicking ""Reserve your Free Seat"" you authorize a one-time charge. This is a separate charge from your original purchase. By proceeding, you agree to our Terms of Use and Privacy Policy."
https://staging.zonia.com/masterclass-heart-health,"By clicking ""Reserve your Free Seat"" you authorize a one-time charge. This is a separate charge from your original purchase. By proceeding, you agree to our Terms of Use and Privacy Policy."
https://staging.zonia.com/masterclass-heart-health-jv,"By clicking ""Reserve your Free Seat"" you authorize a one-time charge. This is a separate charge from your original purchase. By proceeding, you agree to our Terms of Use and Privacy Policy."
https://staging.zonia.com/masterclass-brain-health,"By clicking ""Reserve your Free Seat"" you authorize a one-time charge. This is a separate charge from your original purchase. By proceeding, you agree to our Terms of Use and Privacy Policy."
https://staging.zonia.com/masterclass-brain-health-jv,"By clicking ""Reserve your Free Seat"" you authorize a one-time charge. This is a separate charge from your original purchase. By proceeding, you agree to our Terms of Use and Privacy Policy."
https://staging.zonia.com/masterclass-immune-health,"By clicking ""Reserve your Free Seat"" you authorize a one-time charge. This is a separate charge from your original purchase. By proceeding, you agree to our Terms of Use and Privacy Policy."
https://staging.zonia.com/masterclass-immune-health-jv,"By clicking ""Reserve your Free Seat"" you authorize a one-time charge. This is a separate charge from your original purchase. By proceeding, you agree to our Terms of Use and Privacy Policy."
https://staging.zonia.com/masterclass-cancer,"By clicking ""Reserve your Free Seat"" you authorize a one-time charge. This is a separate charge from your original purchase. By proceeding, you agree to our Terms of Use and Privacy Policy."
https://staging.zonia.com/masterclass-cancer-jv,"By clicking ""Reserve your Free Seat"" you authorize a one-time charge. This is a separate charge from your original purchase. By proceeding, you agree to our Terms of Use and Privacy Policy."
https://staging.zonia.com/masterclass-obesity-and-diabetes,"By clicking ""Reserve your Free Seat"" you authorize a one-time charge. This is a separate charge from your original purchase. By proceeding, you agree to our Terms of Use and Privacy Policy."
https://staging.zonia.com/masterclass-obesity-and-diabetes-jv,"By clicking ""Reserve your Free Seat"" you authorize a one-time charge. This is a separate charge from your original purchase. By proceeding, you agree to our Terms of Use and Privacy Policy."
https://staging.zonia.com/masterclass-new,"By clicking ""Reserve your Free Seat"" you authorize a one-time charge. This is a separate charge from your original purchase. By proceeding, you agree to our Terms of Use and Privacy Policy."
https://staging.zonia.com/lfs-watch-jv,"By clicking ""Watch for Free Now"" you agree to receive marketing emails from Zonia about products, events, and promotions. You may unsubscribe at any time. By proceeding with the registration, you agree to our Privacy Policy."
https://staging.zonia.com/lfs-sportsmen-jv,"By clicking ""Watch for Free Now"" you agree to receive marketing emails from Zonia about products, events, and promotions. You may unsubscribe at any time. By proceeding with the registration, you agree to our Privacy Policy."